Name,Mean,MeanLB,MeanUB,Stddev,StddevLB,StddevUB
findLargestPaths/Sync,10.650422113770867,10.250425266333346,10.814680625937555,0.2974560061877741,0.12073917312503113,0.37933878486449785
findLargestPaths/Async,15.856892011645874,15.694007842166723,16.144022552562532,0.2808994456618298,5.95449348333732e-2,0.36592807433651847
findLargestPaths/AsyncPool,8.060286066625016,7.998169080250004,8.127524392250015,8.10147604185566e-2,3.500829550002482e-2,0.10302893755782727
takeLargest10/Sync,9.286089335854152,9.227296947562479,9.337112507583317,6.062259658887782e-2,4.523033221206673e-2,7.252361417521752e-2
takeLargest10/Async,14.149920263437489,14.09334227037499,14.208667088437494,7.260441969157654e-2,1.9049089441161036e-2,9.512678281722854e-2
takeLargest10/AsyncPool,7.018000517312411,6.863434173000087,7.087486239749865,0.11002840540996968,1.772737763567811e-2,0.14274302458071983
displayPathSize/Sync,12.531067383854113,12.37478541906242,12.623757946749947,0.1560504171715259,9.128773983335758e-2,0.1916591411749542
displayPathSize/Async,18.057100485020822,17.970155202624937,18.167900249187483,0.10750107935629301,3.533346995324729e-2,0.14560728231216188
displayPathSize/AsyncPool,10.270291142625021,10.111032893875006,10.386842301625023,0.15895524295781055,7.291522974996223e-2,0.21231818107933884
