Name,Mean,MeanLB,MeanUB,Stddev,StddevLB,StddevUB
findLargestPaths/Sync,2.414040083875001,2.378074784999967,2.4276865407500168,2.54311069150967e-2,2.8881234188722245e-3,3.440326561997183e-2
findLargestPaths/Async,2.955605556145855,2.900751450437511,2.9991964523750454,5.432469522230131e-2,2.316602737132023e-2,6.476268575753408e-2
findLargestPaths/AsyncPool,1.1207515516874953,1.0941317649999953,1.1712229746874954,4.964691889745164e-2,1.9858024573898014e-3,5.948996158180419e-2
takeLargest10/Sync,2.4154195306249924,2.390351915249994,2.4585769450000043,3.282868615425543e-2,1.3169102249984688e-2,4.268480848076047e-2
takeLargest10/Async,2.944555553479146,2.880485357854153,3.0018720619166195,6.665574668389e-2,3.3708547499969654e-2,9.344352835534182e-2
takeLargest10/AsyncPool,1.0941607867291765,1.0818173808124953,1.1123089871666991,1.714822943464179e-2,6.42534702283145e-4,2.1277004166963525e-2
displayPathSize/Sync,3.9903556019999797,3.9779043667499536,4.001346112749999,1.416003403865222e-2,5.94295037711085e-3,1.943854698311047e-2
displayPathSize/Async,4.473143584187504,4.395965988812485,4.525211251250042,7.541215846283982e-2,3.4254586000031395e-2,9.754268437836845e-2
displayPathSize/AsyncPool,2.6351471819791854,2.612928024625006,2.6513192849791736,2.21229568186084e-2,1.3676732672640073e-2,2.78011989927083e-2
