Name,Mean,MeanLB,MeanUB,Stddev,StddevLB,StddevUB
findLargestPaths/Sync,2.4156540374583124,2.404591676583339,2.4213437710832957,1.1487383382477102e-2,9.763039132700765e-3,1.289576835872001e-2
findLargestPaths/Async,2.9973023930624927,2.8996827590000294,3.057374639312485,8.544154275732567e-2,4.246367437497156e-2,0.11038750720500647
findLargestPaths/AsyncPool,1.0848011716458075,1.0634121861874917,1.1000055964166506,2.3848171127469342e-2,1.3600768124973683e-2,3.3690931771928e-2
takeLargest10/Sync,2.419814533833325,2.4128398579166657,2.4303132206249813,9.9148323223124e-3,3.101011249995622e-3,1.2526584712084118e-2
takeLargest10/Async,3.0618906675208444,3.0028183763125256,3.175826207499995,8.026726918458348e-2,2.665890585305218e-2,0.10853697979208249
takeLargest10/AsyncPool,1.0953862451041871,1.0845518673541719,1.105674428750035,1.1983561511965161e-2,1.011805060799463e-2,1.3427315554735109e-2
displayPathSize/Sync,3.8840880865208214,3.866057371374964,3.9110458293333417,2.6352929281998772e-2,8.528461375036045e-3,3.605202960975695e-2
displayPathSize/Async,4.536052622208364,4.404301745583372,4.608113925458359,0.12891962948970992,2.474345974999892e-2,0.1664184513181606
displayPathSize/AsyncPool,2.5353590811041564,2.505552787166645,2.5583031084792034,2.9566757579864624e-2,1.490396615165131e-2,4.0607216279526466e-2
