Name,Mean,MeanLB,MeanUB,Stddev,StddevLB,StddevUB
findLargestPaths/Sync,2.824635001458352,2.803645107166669,2.852540667000028,3.0362160135861904e-2,3.095933833340725e-3,3.883144499733833e-2
findLargestPaths/Async,3.1812000742708215,3.1277464428749937,3.2618374142499817,7.897365051591836e-2,2.5787521534922225e-3,0.10322327789233024
findLargestPaths/AsyncPool,1.1494809464374758,1.1307143506874908,1.1813824119374416,3.024508348091926e-2,9.116369266434683e-3,3.900429173596745e-2
takeLargest10/Sync,2.8272689508749997,2.808793574499987,2.857081315249985,2.8143712826544348e-2,1.8993371820190327e-3,3.537402178516379e-2
takeLargest10/Async,2.9971110583958285,2.990004682624999,3.0026126286875083,6.983251759743429e-3,4.102736166695875e-3,8.443571162046878e-3
takeLargest10/AsyncPool,1.136309904958324,1.103185402125007,1.159526795000005,3.37136046762892e-2,1.3165287684959365e-2,4.310656323725215e-2
displayPathSize/Sync,5.312311620645858,5.299201990500023,5.3368503066875235,2.4108050725598025e-2,9.02273500003048e-4,2.8981687313852426e-2
displayPathSize/Async,5.588236282770836,5.4899478148749665,5.689612746750015,0.1271678532009491,5.651732765132056e-2,0.17047016594034461
displayPathSize/AsyncPool,3.7328219576874773,3.720309260874984,3.742933762562515,1.264032302623716e-2,6.994464822059095e-3,1.741634951943626e-2
