Name,Mean,MeanLB,MeanUB,Stddev,StddevLB,StddevUB
findLargestPaths/Sync,3.9340249546457926,3.644755863624596,4.106029602582566,0.2890352044482787,0.10948040970470174,0.3972277191526527
findLargestPaths/Async,3.5528177053735512,3.285796630745608,3.7457794190001246,0.32015218181107724,0.14312615269372875,0.44562598922237434
findLargestPaths/AsyncPool,1.997765058576988,1.8639750320653548,2.0879667369990784,0.13187817909498634,5.434849577910966e-2,0.181661663532312
takeLargest10/Sync,5.655886934099423,5.1969441420430185,6.031190699617582,0.47454037209839633,0.19354609188044952,0.6267145350130323
takeLargest10/Async,4.330723707127618,4.069835688129388,4.571295154873951,0.33502440569873215,0.1411431965101341,0.46135187547777134
takeLargest10/AsyncPool,2.667717638890584,2.22328794218447,3.1855302449985174,0.5159282753914706,0.23389392623410699,0.715839304869277
displayPathSize/Sync,8.682075874419752,8.026343401757913,9.213940614750754,0.7400936871352262,0.31407624319661015,0.9142127608136883
displayPathSize/Async,7.88500784774927,7.397813717499957,8.549366553499567,0.6412359622483687,0.12849105249915738,0.841319698955659
displayPathSize/AsyncPool,5.780847833074101,5.5036287254933995,5.993300924235882,0.31059314220220163,0.21836694187996997,0.37694983434486434
