Name,Mean,MeanLB,MeanUB,Stddev,StddevLB,StddevUB
findLargestPaths/Sync,2.774244610000018,2.7636145856249996,2.7850243927500173,1.2280573532554842e-2,4.353317735890748e-3,1.648127720923593e-2
findLargestPaths/Async,3.0814246053333485,3.0366557310000246,3.1261934796666724,5.491418791506983e-2,3.0816493999964223e-2,6.780546437792488e-2
findLargestPaths/AsyncPool,1.22655938318749,1.1760851669999965,1.2463127274374863,3.558496780853554e-2,4.427087223127037e-3,4.561839448052324e-2
takeLargest10/Sync,2.800488603687517,2.764722177500005,2.813877683312531,2.42026385723874e-2,7.186004561192394e-5,3.09207549028132e-2
takeLargest10/Async,3.109440316187493,3.036318874749971,3.2043991748124987,9.38007066670811e-2,1.4494491668651993e-2,0.1293882753154311
takeLargest10/AsyncPool,1.2266995714999946,1.197329842500011,1.239018953249996,2.0242772200471392e-2,4.51730724998356e-3,2.6677287870570245e-2
displayPathSize/Sync,5.314224866333322,5.267463007750003,5.3614114393749475,5.542310830167176e-2,2.434039558718727e-2,7.232153638480672e-2
displayPathSize/Async,5.453524786749988,5.371854495999969,5.489119063499992,5.966311226529396e-2,8.325596418403323e-3,8.220146105289922e-2
displayPathSize/AsyncPool,3.6891983516666706,3.657469065249998,3.734177087624971,4.367983292874644e-2,1.2319891250029968e-2,5.9049863156259236e-2
