Name,Mean,MeanLB,MeanUB,Stddev,StddevLB,StddevUB
findLargestPaths/Sync,5.227810367999986,5.147402768749977,5.268680937374988,7.632163536440244e-2,3.079677557189825e-3,9.438653692236323e-2
findLargestPaths/Async,4.0733774798958295,3.9845426176458334,4.120532892708344,8.702119148876217e-2,4.132915920856174e-2,0.10468536255268267
findLargestPaths/AsyncPool,2.0611299528958327,1.9935819165833522,2.0959029662708346,7.693012260958973e-2,6.589270214723299e-2,7.876678077444409e-2
takeLargest10/Sync,5.11091982227083,4.977524918249998,5.2131299883749875,0.13944539475718415,7.20180673232009e-2,0.19225742178663308
takeLargest10/Async,4.044782200604165,3.9580238000833203,4.183505163562515,0.1365268269332723,5.106205581868026e-2,0.1866665474941683
takeLargest10/AsyncPool,2.0543348281458385,1.987574661250008,2.1013656521250113,6.505902959698656e-2,1.9189353875006532e-2,8.816697928221395e-2
displayPathSize/Sync,7.958770802437532,7.912855312000071,8.00863830024999,6.008574878684971e-2,2.5840544950779344e-2,8.019673810538787e-2
displayPathSize/Async,6.675623692249985,6.597223032624981,6.741832049249979,7.90584934780124e-2,5.3513548350416704e-2,9.266360969243245e-2
displayPathSize/AsyncPool,4.9616862072291354,4.8598618011249926,5.140446935666603,0.17270803221514028,1.582047033332401e-2,0.2168854874859005
