Name,Mean,MeanLB,MeanUB,Stddev,StddevLB,StddevUB
findLargestPaths/Sync,5.151902178770837,5.097648921812514,5.198658342562531,5.5743116292783564e-2,3.149714467298075e-2,7.775708834761445e-2
findLargestPaths/Async,4.033634087625015,3.904543943500035,4.098261015625006,0.12469132397059796,2.5342797249990667e-2,0.1636921297348699
findLargestPaths/AsyncPool,2.151103231729195,2.106330687687503,2.1779214950625487,4.487857857004439e-2,1.2501265352844994e-2,6.193412621884034e-2
takeLargest10/Sync,5.087599772604148,5.041857986937508,5.1550958849166095,6.451402704091233e-2,3.083927026203158e-2,8.214732104171936e-2
takeLargest10/Async,3.9640199435000034,3.8728911881250028,4.026796772750013,9.091938953821499e-2,3.608761075002076e-2,0.12606161467427915
takeLargest10/AsyncPool,2.0627115545625068,2.0214685255625113,2.1090970087499934,5.2527490220544065e-2,1.268828537500144e-2,7.234016112716982e-2
displayPathSize/Sync,7.729872310750015,7.650731451750019,7.855765999875004,0.12000479236482542,4.214446665977445e-2,0.15783566873751106
displayPathSize/Async,6.567657154687519,6.515297084000016,6.6200172253750225,7.347403274963875e-2,3.229406536787676e-2,0.1013210378894395
displayPathSize/AsyncPool,4.791206558416699,4.692470203041704,4.979681062666695,0.18554076026238164,2.893971784636018e-3,0.2280218454182255
