Name,Mean,MeanLB,MeanUB,Stddev,StddevLB,StddevUB
findLargestPaths/Sync,5.67793678606247,5.565935664749986,5.7454626048124595,0.10861662001251728,3.654569200000424e-2,0.14491064185483052
