Name,Mean,MeanLB,MeanUB,Stddev,StddevLB,StddevUB
findLargestPaths/Sync,8.354188234666678,8.10451972341667,8.756065513750016,0.3817171119348104,0.15021168068233856,0.49466254199316384
findLargestPaths/Async,12.390779730645846,12.179208476687535,12.508658436458333,0.20409845803568116,6.387224441667172e-2,0.2722292101302559
findLargestPaths/AsyncPool,6.234250974208346,6.070612744666667,6.489345695500091,0.2650158906164616,0.12944037738913655,0.3713971471597235
takeLargest10/Sync,7.296869093374975,7.267914042749965,7.325824143999986,3.7244850766063126e-2,1.7369444000015388e-2,4.930164007131991e-2
takeLargest10/Async,11.407806997916685,10.670857179750016,12.019311706333337,0.7701936385348105,0.2897030715307801,1.0132066134152533
takeLargest10/AsyncPool,5.504047672437537,5.389262020562484,5.598604861500064,0.12068083331013454,5.0209706500027096e-2,0.16039329910881267
displayPathSize/Sync,9.93762524260415,9.853585276687468,9.9944450685,8.159093757645991e-2,2.744430289936796e-2,0.11076314533905211
displayPathSize/Async,14.584336201125032,14.092176427750038,15.076976678500065,0.5403168578768377,0.2603967675000076,0.7580995864913853
displayPathSize/AsyncPool,8.308627127604126,8.25683851970831,8.361316609666687,7.09011333898068e-2,2.273906048906635e-2,9.558664480856013e-2
