Name,Mean,MeanLB,MeanUB,Stddev,StddevLB,StddevUB
findLargestPaths/Sync,2.4554962827083364,2.426698770583362,2.4966682648333083,4.000945983858302e-2,1.0948694749984611e-2,5.386254178702459e-2
findLargestPaths/Async,3.3795797388333333,3.32859108937501,3.411641966624984,4.855984733441455e-2,8.410539172994329e-3,6.308189056725397e-2
findLargestPaths/AsyncPool,1.1266740134583415,1.1160140406250036,1.1426607741250052,1.5468951551197558e-2,3.5554566666746723e-3,2.0512665012333505e-2
takeLargest10/Sync,2.4554956205208307,2.4402588661458204,2.484941298250007,2.9002915240822727e-2,4.615421286482853e-4,3.4231710991145796e-2
takeLargest10/Async,3.2190698788541687,3.1819981097499976,3.278221997562504,6.0079973794311646e-2,7.159275070041993e-3,7.845430841647308e-2
takeLargest10/AsyncPool,1.0904442691875076,1.0718563490000008,1.1090321893750144,2.376895454875854e-2,1.0509040874993048e-2,3.079216773952521e-2
displayPathSize/Sync,4.029723614833348,4.014565602875038,4.041289140916669,1.464148551573196e-2,7.184971749978786e-3,1.8399818504568576e-2
displayPathSize/Async,4.721196802666664,4.688731432124982,4.745913363375024,3.205052503427173e-2,1.2466362250023622e-2,3.92378781286294e-2
displayPathSize/AsyncPool,2.6324358681250195,2.614600733125035,2.6500342095000065,2.0853357941501432e-2,1.7025393744319137e-2,2.3894052252423248e-2
