Name,Mean,MeanLB,MeanUB,Stddev,StddevLB,StddevUB
findLargestPaths/Sync,2.8369930171041937,2.8171616142500397,2.8534608978125178,2.0467790942177235e-2,1.0087739924817573e-2,2.7943201514916326e-2
findLargestPaths/Async,3.6137095549583336,3.5784358814166524,3.6489832285000148,4.2878391778632854e-2,2.411421933334168e-2,5.36163576115815e-2
findLargestPaths/AsyncPool,1.2570763035625039,1.2330479202499967,1.2872663456250137,3.3625871098752376e-2,1.2461239544988324e-2,4.3232187920126314e-2
takeLargest10/Sync,2.8477971641666593,2.83197833579167,2.8671551886666387,1.9563557450384617e-2,8.231615766835338e-3,2.707915396880942e-2
takeLargest10/Async,3.343119786166677,3.279691372833345,3.432571582625016,9.588472605531355e-2,4.468202837679194e-3,0.1191766413152097
takeLargest10/AsyncPool,1.2433142143958449,1.2004229090625174,1.294706491458328,5.438119013800489e-2,2.382757041708778e-2,7.522565630327653e-2
displayPathSize/Sync,5.395784801187522,5.359860132499998,5.431709469875045,4.3710057770994126e-2,2.413753837501531e-2,5.5092839992379045e-2
displayPathSize/Async,5.9500227537291535,5.894954982749979,5.983162985749999,5.7491863767537e-2,2.040192518923862e-2,7.470319409873391e-2
displayPathSize/AsyncPool,3.7824557268541477,3.7077996157291815,3.8637710554999387,9.297324489990007e-2,4.386817460431027e-2,0.12854272881428908
