Name,Mean,MeanLB,MeanUB,Stddev,StddevLB,StddevUB
findLargestPaths/Sync,2.8222057922083246,2.8103505502499786,2.8340610341666705,1.3781051314574471e-2,1.1360296751745932e-2,1.5268211754802172e-2
findLargestPaths/Async,3.2431074379791602,3.2002309380624965,3.2652264872291545,4.1615820796716295e-2,3.14447723444352e-3,5.1081756154811205e-2
findLargestPaths/AsyncPool,1.2110125617708316,1.1990238513333604,1.2179276771874825,9.980302695250666e-3,4.035602208314004e-3,1.2998867913246703e-2
takeLargest10/Sync,2.8423616612291696,2.822597420749986,2.861936128812509,2.427774634021246e-2,1.2444404722914538e-2,3.319915352102599e-2
takeLargest10/Async,3.31243135916669,3.287521859416709,3.334579931041683,3.247491641986607e-2,1.492461530980764e-2,3.990335244860584e-2
takeLargest10/AsyncPool,1.2285169805625173,1.1935716955625253,1.2697354243750283,4.216721584222622e-2,1.9015068374983457e-2,5.874596911670274e-2
displayPathSize/Sync,5.342137368041672,5.308912254374988,5.363890102666725,3.138764134699086e-2,1.4409977596175488e-3,3.908555551844025e-2
displayPathSize/Async,5.833854688166672,5.793128674499982,5.860300230750028,3.949699173339967e-2,1.8462639506266375e-2,5.1708688110466264e-2
displayPathSize/AsyncPool,3.7659448107708093,3.6871349012500048,3.872685919499901,0.1047314373107114,3.143234079053271e-2,0.14283724044664878
