Name,Mean,MeanLB,MeanUB,Stddev,StddevLB,StddevUB
findLargestPaths/Sync,10.448194592708811,10.413732171125048,10.465574855417191,3.2959499759871856e-2,1.6702554497896926e-2,4.013799741308074e-2
findLargestPaths/Async,7.6934580109593,7.619566020877755,7.736639572792077,7.258411113818189e-2,2.494226716801995e-2,9.972354539272933e-2
findLargestPaths/AsyncPool,5.419027463102793,5.363059745353894,5.457041690789083,6.237821938445631e-2,3.5969481136612164e-2,8.77900983508606e-2
takeLargest10/Sync,9.514864772415876,9.400514434249544,9.578533674999107,0.11590464149504141,8.192937386492744e-2,0.1370392754235909
takeLargest10/Async,8.067985025354423,6.692433177874591,9.443536872834255,1.649028604830646,1.0351959346253352,1.981359614667184
takeLargest10/AsyncPool,4.7300564686879625,4.67321049200109,4.786902445374835,6.771775096825815e-2,5.4046552063482134e-2,7.898571329556019e-2
displayPathSize/Sync,13.00410043414619,12.74033407918796,13.318804561333915,0.3171479719140067,0.13822398009580128,0.44049797495363235
displayPathSize/Async,9.983578864459256,9.806740940000964,10.134281434876357,0.20460641068301913,9.449796615357291e-2,0.28467087013038306
displayPathSize/AsyncPool,7.936962286625658,7.774132466875471,8.050453290750738,0.15649983752547772,1.9775105239007634e-2,0.1979072331492404
