Name,Mean,MeanLB,MeanUB,Stddev,StddevLB,StddevUB
findLargestPaths/Sync,2.8401308342083076,2.8207880471249993,2.8530283712499624,1.884201031585379e-2,9.223212249978019e-3,2.4452436276619017e-2
findLargestPaths/Async,3.397888539854158,3.3679499088124842,3.422227649374989,3.435600765882557e-2,2.4721605067430392e-2,3.9936889378617974e-2
findLargestPaths/AsyncPool,1.2388641159791736,1.2125314033124965,1.2559174333333467,2.5864316154117304e-2,1.0419892997505911e-2,3.54852523560268e-2
takeLargest10/Sync,2.884344041145816,2.856138649624981,2.9324327168333184,4.62776496159073e-2,6.321637625021026e-3,5.9177818890829285e-2
takeLargest10/Async,3.384136028604187,3.340879099500029,3.454734254750022,7.184826543298439e-2,7.4360174999981155e-3,9.050786384649559e-2
takeLargest10/AsyncPool,1.250783756645814,1.2404458796666327,1.2611216336249953,1.329568775824243e-2,6.23181587504007e-3,1.6678423081129008e-2
displayPathSize/Sync,5.300229861854173,5.290607410687514,5.3103078022500085,1.0772404876971661e-2,1.50595611213028e-4,1.521556703273431e-2
displayPathSize/Async,5.801966605583362,5.717970936416682,5.904376578375057,0.10205179235665132,6.458201661903153e-2,0.12543990610280514
displayPathSize/AsyncPool,3.6911407521041752,3.6392356393750163,3.7173514786666715,4.897349396795092e-2,1.1924370661117525e-3,6.05310801460515e-2
