Name,Mean,MeanLB,MeanUB,Stddev,StddevLB,StddevUB
findLargestPaths/Sync,5.049660290333359,4.99772024424999,5.123717561083406,7.065670325381683e-2,5.680902059548812e-3,8.835442143575074e-2
findLargestPaths/Async,9.079222455750001,8.953069790500013,9.217927600999987,0.16589698245472112,5.397379256514076e-2,0.22187890177389302
findLargestPaths/AsyncPool,3.658781620312484,3.638892733374978,3.695332702124972,3.5920772334856146e-2,3.691668554118635e-4,4.5562250053592386e-2
takeLargest10/Sync,4.874745870729147,4.853725020624921,4.894161473208365,2.3021788309712656e-2,1.7677135517311003e-2,2.747516034681676e-2
takeLargest10/Async,8.969451805624947,8.827110502124995,9.06512885749991,0.1393593545619689,5.990222828330398e-2,0.1909017287800781
takeLargest10/AsyncPool,3.5868267716250273,3.5553412327499814,3.6394165558751013,5.294376089477838e-2,4.8891680677131885e-3,6.782356931263953e-2
displayPathSize/Sync,8.26107436031254,8.212716200562497,8.308001462937582,5.241114969719616e-2,2.482589012501535e-2,7.335062917607982e-2
displayPathSize/Async,12.29291142735417,12.156398317666685,12.40930236437498,0.14157035175227192,8.994887009232412e-2,0.17884448518846624
displayPathSize/AsyncPool,6.730309595979141,6.6529645385833565,6.799685373229143,9.541853652943956e-2,4.849029466659749e-2,0.1226289894740834
