Name,Mean,MeanLB,MeanUB,Stddev,StddevLB,StddevUB
findLargestPaths/Sync,5.232738565291672,5.14143956800001,5.275529758541668,7.04153340191102e-2,3.650889255651511e-2,9.882202776732356e-2
findLargestPaths/Async,4.1044109415833345,4.087707549416669,4.137107898750003,3.214537178442776e-2,1.3297063746116507e-3,3.8574831855218386e-2
findLargestPaths/AsyncPool,2.224680858979158,2.120136653500026,2.266590564520823,7.253098217356103e-2,2.918260381193888e-3,9.678631910455336e-2
takeLargest10/Sync,5.198671134875009,5.137758354124983,5.30030943050005,9.798910149026276e-2,1.3458177250006198e-2,0.12513187693627767
takeLargest10/Async,3.9874148609791646,3.927506284937486,4.017950123062498,5.664615787281188e-2,2.2671685375016182e-2,7.051816713435287e-2
takeLargest10/AsyncPool,2.1774681001249925,2.12819464574999,2.226741554499995,6.291175678810276e-2,2.9644579250003744e-2,7.956155696923557e-2
displayPathSize/Sync,8.008750236166643,7.970611045249967,8.05553094124997,5.2442161467088404e-2,1.657748483735822e-2,7.089719469932777e-2
displayPathSize/Async,6.719463575062487,6.663009594124986,6.774384448874997,6.574729507489177e-2,4.399238609911358e-2,7.732627496532349e-2
displayPathSize/AsyncPool,4.843633089687519,4.809224125500066,4.908066626687514,6.2247329936603965e-2,6.331088874958368e-3,7.664929251493707e-2
