Name,Mean,MeanLB,MeanUB,Stddev,StddevLB,StddevUB
findLargestPaths/Sync,5.42123535691668,5.379932217374979,5.45736457212503,4.451773981029301e-2,3.597493284644411e-2,5.0072647958382115e-2
findLargestPaths/Async,4.07174119175,3.9495094700000095,4.21571715975,0.16533411708707993,5.22477999999893e-2,0.22195150703435504
findLargestPaths/AsyncPool,2.242687103937513,2.154851093562513,2.311460423000028,0.10152068412879289,5.1875744749992236e-2,0.14294762654655485
takeLargest10/Sync,5.452907583458315,5.356421212166657,5.5493939547499735,0.11782318535049564,7.255712712248061e-2,0.144015542486765
takeLargest10/Async,4.167405726916648,3.9380357134999713,4.245574826458316,0.15825910784253644,2.9936446083311807e-2,0.20322738106860544
takeLargest10/AsyncPool,2.19574107089583,2.115937650541686,2.275544491249974,0.10023746548921043,4.691745874995945e-2,0.12589279697437325
displayPathSize/Sync,8.134723635562489,8.110687012874934,8.14957858181252,2.53226573929236e-2,2.1466477500284853e-3,3.571192454622513e-2
displayPathSize/Async,6.611406137374952,6.495670807999886,6.651925559624976,7.781966227326308e-2,6.06058250004704e-4,9.357559737383742e-2
displayPathSize/AsyncPool,4.932415922354214,4.86409165104168,4.987799854000059,7.99224425801301e-2,3.6175089173407046e-2,0.10223461270668735
