Name,Mean,MeanLB,MeanUB,Stddev,StddevLB,StddevUB
findLargestPaths/Sync,5.348010587479156,5.25882122781249,5.403265856833324,8.956380649165858e-2,3.75031971385306e-2,0.12396424028771258
findLargestPaths/Async,4.69065184202083,4.60486645200001,4.7246860744583286,6.272049243674357e-2,3.6712063750172774e-3,7.859869303780868e-2
findLargestPaths/AsyncPool,2.384165988208352,2.2668866884999943,2.4324093475833735,8.785054613181889e-2,3.744633416667398e-2,0.1114132660871222
takeLargest10/Sync,5.362117375708337,5.301038895624984,5.419149192500015,6.678320151584384e-2,5.5618722333349524e-2,7.683173904898298e-2
takeLargest10/Async,4.688167548208329,4.617929375875022,4.726917279666649,6.876193113693424e-2,1.452258116666405e-2,8.948867155394616e-2
takeLargest10/AsyncPool,2.375795223416612,2.3025620439166468,2.4634771081665385,8.950873861895162e-2,3.742865956187231e-2,0.12387247421512125
displayPathSize/Sync,8.086291637333284,7.990888797249951,8.180267583749952,0.1255878281469584,4.978397773121901e-2,0.17053944388304976
displayPathSize/Async,7.453836551166678,7.351918958249996,7.523716122333363,9.90882296145454e-2,3.377706497461415e-2,0.1345728318985177
displayPathSize/AsyncPool,5.063069568666691,5.003411016500024,5.13908099662504,7.60231868318735e-2,3.3336725216714914e-2,0.10443879939483877
